state,electrode,rho_within,rho_within_sd,rho_pooled,rho_submean,n_subjects
S2,Fz,-0.5589300226664553,0.11229945983283803,-0.5772400618267993,-0.6118404118404118,36
S2,Cz,-0.5597136678856651,0.09683243509413261,-0.5944520907380377,-0.7173745173745174,36
S2,Pz,-0.5883955876667758,0.11446292278306387,-0.6215215220810566,-0.7577863577863578,36
S2,C3,-0.5804671082010346,0.12207198269088947,-0.5934290644325657,-0.6133848133848134,36
S2,C4,-0.6056163877684128,0.12035534624693152,-0.6088267186365717,-0.6244530244530244,36
S2,T3,-0.6537967843069838,0.12355452609419192,-0.6804438270142528,-0.7454311454311454,36
S2,T4,-0.6407206518952617,0.12614748323547598,-0.6617258586057352,-0.7096525096525097,36
S2,Fp1,-0.4523901721657806,0.13292165849838627,-0.4955732620593639,-0.5966537966537967,36
S2,Fp2,-0.45685179640121426,0.140294418794861,-0.4797740828526659,-0.5966537966537967,36
S2,O1,-0.6401042179758288,0.10933736869458809,-0.6374717794539253,-0.6151866151866152,36
S2,O2,-0.6333412458572879,0.11163540299360215,-0.6330756326506034,-0.6733590733590734,36
S2,F3,-0.5634544846025453,0.13053937896061069,-0.5883343358626919,-0.783011583011583,36
S2,F4,-0.5741060569746941,0.11796916283121617,-0.5820494154894309,-0.6285714285714286,36
S2,P3,-0.5943766460095082,0.11160573561083807,-0.6516160238981168,-0.7930501930501931,36
S2,P4,-0.6062901174362327,0.11472466835597812,-0.6388966348851304,-0.7624195624195624,36
S2,FC1,-0.5738022212248012,0.12541112233165772,-0.5606454410764667,-0.5577863577863578,36
S2,FC2,-0.5686948989705081,0.1246531576509093,-0.5621684098761377,-0.5827541827541828,36
S2,CP1,-0.5699592917496328,0.10265504485620316,-0.6016274545838991,-0.6756756756756757,36
S2,CP2,-0.5844054358513732,0.11436470119669222,-0.6130221731636019,-0.7109395109395109,36
SWS,Fz,-0.7979108835869116,0.08466748293692988,-0.7608303008072306,-0.6888030888030888,36
SWS,Cz,-0.7534941990187697,0.09508722425662318,-0.7124235383110279,-0.6471042471042471,36
SWS,Pz,-0.828720081558225,0.07277950714427377,-0.8113029853199282,-0.7166023166023165,36
SWS,C3,-0.7818032137876736,0.08132336032187723,-0.7317405117150064,-0.5848133848133849,36
SWS,C4,-0.7829492159301948,0.07956896044740217,-0.7469301967913538,-0.5667953667953668,36
SWS,T3,-0.7731238170077394,0.09096019344069398,-0.7236562211335548,-0.6314028314028314,36
SWS,T4,-0.7550016425812741,0.10827554078722695,-0.7020536056032626,-0.5796653796653797,36
SWS,Fp1,-0.6524137100614751,0.15887065410063078,-0.6459406729178995,-0.6398970398970399,36
SWS,Fp2,-0.6444511775946296,0.15229201639432907,-0.6621055818578804,-0.6818532818532819,36
SWS,O1,-0.8234339178369395,0.08485864468143603,-0.7655967262904154,-0.5528957528957529,36
SWS,O2,-0.8118680175370903,0.08565247493569468,-0.7908054382907034,-0.6846846846846847,36
SWS,F3,-0.7308169434949504,0.10727100335544794,-0.6672981346157705,-0.584041184041184,36
SWS,F4,-0.701737947224749,0.1282817649378949,-0.6790671789394662,-0.546975546975547,36
SWS,P3,-0.8117437403264683,0.07642878329994583,-0.8166396739968395,-0.8285714285714286,36
SWS,P4,-0.8157668298856794,0.07360861723052214,-0.7794958343676883,-0.6149292149292149,36
SWS,FC1,-0.7635595937786854,0.1149435114563066,-0.6969543546734415,-0.5070785070785071,36
SWS,FC2,-0.7677734401953612,0.09419343196551518,-0.7013238959522033,-0.5060489060489061,36
SWS,CP1,-0.8120004646309329,0.07592187278482757,-0.804387745696944,-0.7567567567567568,36
SWS,CP2,-0.8139822479049674,0.0794576144666652,-0.8023332857123616,-0.752895752895753,36
REM,Fz,-0.4514993243017864,0.10583256421492555,-0.538012376733944,-0.679021879021879,36
REM,Cz,-0.44762184625256796,0.12147540865574614,-0.5284817384703177,-0.7536679536679537,36
REM,Pz,-0.44281245610597497,0.11884187240050009,-0.5119645829330038,-0.6751608751608752,36
REM,C3,-0.42823182077369615,0.11580087702730565,-0.4974007987366772,-0.6841698841698842,36
REM,C4,-0.42812013031100854,0.1227619129857513,-0.47462773911417794,-0.6324324324324324,36
REM,T3,-0.43447562463123,0.1545710312040572,-0.5233291031130146,-0.7824967824967825,36
REM,T4,-0.40384998119980925,0.14992448102333697,-0.4320398857921979,-0.5693693693693693,36
REM,Fp1,-0.5652697626785544,0.10433498669940625,-0.5952035702758322,-0.6424710424710425,36
REM,Fp2,-0.5767505819304186,0.0924432742302776,-0.5924966791511245,-0.6303732303732303,36
REM,O1,-0.5025995634227717,0.1301219730358085,-0.5613003398276116,-0.6388674388674389,36
REM,O2,-0.5084142584691007,0.13592322201931067,-0.5149352994940491,-0.6432432432432432,36
REM,F3,-0.4742205583958912,0.14081482162907502,-0.540557394087233,-0.7441441441441441,36
REM,F4,-0.458328323996267,0.14811483047423887,-0.4965465602909732,-0.6453024453024453,36
REM,P3,-0.4321595188392349,0.12018265155399947,-0.5059321234680997,-0.7155727155727156,36
REM,P4,-0.431220365368973,0.11298226572285551,-0.4735196932073213,-0.6615186615186616,36
REM,FC1,-0.44901798460517467,0.13429371671124757,-0.503377789733497,-0.6355212355212355,36
REM,FC2,-0.4405792982135417,0.12035866925846617,-0.48747878843586834,-0.5938223938223938,36
REM,CP1,-0.45040230165077066,0.11341197064095912,-0.5059147007374494,-0.6589446589446589,36
REM,CP2,-0.43959619587753274,0.10926629008599341,-0.5058688149261426,-0.6388674388674389,36
NREM,Fz,-0.8529156047275551,0.052716826016670916,-0.8339660690767318,-0.7626769626769627,36
NREM,Cz,-0.8231345866614128,0.06248033286008057,-0.81495755299743,-0.8205920205920206,36
NREM,Pz,-0.8737391604425221,0.05219772092451426,-0.8695424340056817,-0.8164736164736165,36
NREM,C3,-0.842675224554488,0.06452356849968424,-0.8241771999476244,-0.6911196911196911,36
NREM,C4,-0.8497908569367496,0.0586965325248739,-0.8296576986628142,-0.6710424710424711,36
NREM,T3,-0.8492613337144362,0.06347514227925861,-0.8330443342724504,-0.8010296010296011,36
NREM,T4,-0.834422192032991,0.05745690128891987,-0.8178606456012341,-0.7323037323037324,36
NREM,Fp1,-0.6638702577448727,0.11274835930057588,-0.660618049194301,-0.637065637065637,36
NREM,Fp2,-0.6593011454234324,0.1153221534103979,-0.6549023583891929,-0.7073359073359073,36
NREM,O1,-0.8842139748903325,0.045509870382498666,-0.8664885647063892,-0.7284427284427284,36
NREM,O2,-0.8795982138295712,0.048928701128129734,-0.8608274518255478,-0.7323037323037324,36
NREM,F3,-0.7879068351619183,0.0822281405089959,-0.7730485537855343,-0.7935649935649935,36
NREM,F4,-0.7792138908780616,0.07838524048534752,-0.7693595991489515,-0.7158301158301158,36
NREM,P3,-0.8678318406272822,0.055627367085221806,-0.870245117437408,-0.7927927927927928,36
NREM,P4,-0.8683294587312071,0.054868299737995424,-0.8643456745405951,-0.7302445302445303,36
NREM,FC1,-0.8305451027727202,0.06764005393275531,-0.7962699396704159,-0.6628056628056628,36
NREM,FC2,-0.8290020490591474,0.06726312242805581,-0.8057321813764523,-0.6537966537966537,36
NREM,CP1,-0.8620442349865722,0.05420908626863738,-0.8559524611857131,-0.8023166023166023,36
NREM,CP2,-0.8666030000056856,0.05498635864877785,-0.8602706379946539,-0.7866151866151866,36
